"","dt","status","side","order_type","rule","security","qty","price"
"1","2005-11-15 13:36:00","closed","long","stoplimit","EnterLONG","OHI.MAC","50","-1.46313967434639"
"2",NA,"open","long","stoplimit","StopLossLONG","OHI.MAC","all","-2.19470951151958"
"3","2005-02-01 15:47:00","closed","short","stoplimit","EnterSHORT","CCL.RCL","-50","4.30839935760861"
"4","2005-04-21 09:34:00","replaced","short","stoplimit","StopLossSHORT","CCL.RCL","all","6.38435745539719"
"5","2005-04-21 09:35:00","closed","short","market","Exit2SHORT","CCL.RCL","all","2.02745533806109"
"6","2005-04-29 09:32:00","closed","short","stoplimit","EnterSHORT","CCL.RCL","-50","4.30994489620342"
"7","2005-07-18 13:35:00","replaced","short","stoplimit","StopLossSHORT","CCL.RCL","all","6.44966944905121"
"8","2005-07-18 13:36:00","closed","short","market","Exit2SHORT","CCL.RCL","all","2.08885726268726"
"9","2005-07-27 15:57:00","closed","short","stoplimit","EnterSHORT","CCL.RCL","-50","4.19396577991875"
"10","2005-07-27 15:57:00","canceled","short","stoplimit","EnterSHORT","CCL.RCL","-50","4.48791526601313"
"11","2005-11-02 10:23:00","closed","short","stoplimit","StopLossSHORT","CCL.RCL","all","5.93073234581519"
"12","2005-11-02 10:24:00","closed","short","stoplimit","EnterSHORT","CCL.RCL","-50","6.69329226117721"
"13",NA,"open","short","stoplimit","StopLossSHORT","CCL.RCL","all","8.28568839176581"
"14","2005-01-07 10:03:00","closed","long","stoplimit","EnterLONG","CCJ.SQM","50","-53.6002202250053"
"15","2005-04-06 12:02:00","closed","long","stoplimit","StopLossLONG","CCJ.SQM","all","-80.400330337508"
"16","2005-04-21 10:24:00","closed","long","stoplimit","EnterLONG","DECK.BG","50","-10.4333406574931"
"17","2005-04-25 15:11:00","closed","long","stoplimit","StopLossLONG","DECK.BG","all","-15.6500109862396"
"18","2005-12-08 12:45:00","closed","long","stoplimit","EnterLONG","DECK.BG","50","-10.4028807947278"
"19","2005-12-28 10:51:00","closed","long","stoplimit","StopLossLONG","DECK.BG","all","-15.6043211920917"
"20","2005-02-28 10:30:00","closed","long","stoplimit","EnterLONG","TIF.MMS","50","-5.81081525779054"
"21",NA,"open","long","stoplimit","StopLossLONG","TIF.MMS","all","-8.71622288668581"
"22","2005-03-31 09:35:00","rejected","short","market","Exit2SHORT","TIF.MMS","all","-1.05250391716002"
"23","2005-03-31 09:44:00","rejected","short","market","Exit2SHORT","TIF.MMS","all","-0.517154949997376"
"24","2005-09-21 15:27:00","rejected","short","market","Exit2SHORT","TIF.MMS","all","-1.47661521662952"
"25","2005-09-27 13:51:00","rejected","short","market","Exit2SHORT","TIF.MMS","all","0.664780652021008"
"26","2005-09-28 14:46:00","rejected","short","market","Exit2SHORT","TIF.MMS","all","0.819818805262059"
"27","2005-09-29 11:55:00","rejected","short","market","Exit2SHORT","TIF.MMS","all","1.43506416778416"
"28","2005-09-29 14:05:00","rejected","short","market","Exit2SHORT","TIF.MMS","all","1.23852654125206"
"29","2005-09-30 09:34:00","rejected","short","market","Exit2SHORT","TIF.MMS","all","1.57467704738049"
"30","2005-09-30 09:40:00","rejected","short","market","Exit2SHORT","TIF.MMS","all","1.26229972864154"
"31","2005-09-30 10:10:00","rejected","short","market","Exit2SHORT","TIF.MMS","all","1.36170539895679"
"32","2005-09-30 13:10:00","rejected","short","market","Exit2SHORT","TIF.MMS","all","2.42002601454312"
"33","2005-09-30 13:54:00","rejected","short","market","Exit2SHORT","TIF.MMS","all","1.82229972864154"
"34","2005-09-30 14:27:00","rejected","short","market","Exit2SHORT","TIF.MMS","all","2.00229972864154"
"35","2005-09-30 14:50:00","rejected","short","market","Exit2SHORT","TIF.MMS","all","1.95992240990259"
"36","2005-09-30 15:59:00","rejected","short","market","Exit2SHORT","TIF.MMS","all","1.98527137706522"
"37","2005-10-03 09:45:00","rejected","short","market","Exit2SHORT","TIF.MMS","all","2.68289405832628"
"38","2005-10-03 09:58:00","rejected","short","market","Exit2SHORT","TIF.MMS","all","2.46338478337048"
"39","2005-10-03 10:02:00","rejected","short","market","Exit2SHORT","TIF.MMS","all","2.6617053989568"
"40","2005-10-03 10:07:00","rejected","short","market","Exit2SHORT","TIF.MMS","all","2.32744148652312"
"41","2005-10-03 10:17:00","rejected","short","market","Exit2SHORT","TIF.MMS","all","2.55744148652312"
"42","2005-10-03 10:22:00","rejected","short","market","Exit2SHORT","TIF.MMS","all","2.23744148652312"
"43","2005-10-03 10:32:00","rejected","short","market","Exit2SHORT","TIF.MMS","all","2.17387550841469"
"44","2005-10-03 11:36:00","rejected","short","market","Exit2SHORT","TIF.MMS","all","2.21297036480837"
"45","2005-10-04 09:36:00","rejected","short","market","Exit2SHORT","TIF.MMS","all","1.69870645237468"
"46","2005-10-04 09:45:00","rejected","short","market","Exit2SHORT","TIF.MMS","all","2.42080025535048"
"47","2005-10-04 09:50:00","rejected","short","market","Exit2SHORT","TIF.MMS","all","1.96514047426626"
"48","2005-10-04 10:00:00","rejected","short","market","Exit2SHORT","TIF.MMS","all","2.03514047426626"
"49","2005-10-04 10:09:00","rejected","short","market","Exit2SHORT","TIF.MMS","all","2.02216882584258"
"50","2005-10-04 11:31:00","rejected","short","market","Exit2SHORT","TIF.MMS","all","1.49206522120205"
"51","2005-10-04 11:34:00","rejected","short","market","Exit2SHORT","TIF.MMS","all","1.41552759466994"
"52","2005-10-04 12:43:00","rejected","short","market","Exit2SHORT","TIF.MMS","all","0.905811110433085"
"53","2005-10-04 14:30:00","rejected","short","market","Exit2SHORT","TIF.MMS","all","2.48989511174415"
"54","2005-10-04 14:39:00","rejected","short","market","Exit2SHORT","TIF.MMS","all","1.93583840859152"
"55","2005-10-04 14:44:00","rejected","short","market","Exit2SHORT","TIF.MMS","all","1.92524407890679"
"56","2005-10-04 14:56:00","rejected","short","market","Exit2SHORT","TIF.MMS","all","1.95583840859153"
"57","2005-10-04 15:01:00","rejected","short","market","Exit2SHORT","TIF.MMS","all","1.98356469449311"
"58","2005-10-04 15:19:00","rejected","short","market","Exit2SHORT","TIF.MMS","all","2.12247963976416"
"59","2005-10-04 15:26:00","rejected","short","market","Exit2SHORT","TIF.MMS","all","2.22020592566574"
"60","2005-10-04 15:29:00","rejected","short","market","Exit2SHORT","TIF.MMS","all","2.30258324440469"
"61","2005-10-04 15:38:00","rejected","short","market","Exit2SHORT","TIF.MMS","all","2.31496056314364"
"62","2005-10-04 15:41:00","rejected","short","market","Exit2SHORT","TIF.MMS","all","2.31377190377416"
"63","2005-10-04 15:43:00","rejected","short","market","Exit2SHORT","TIF.MMS","all","2.27377190377416"
"64","2005-10-04 15:46:00","rejected","short","market","Exit2SHORT","TIF.MMS","all","2.27496056314364"
"65","2005-10-04 15:48:00","rejected","short","market","Exit2SHORT","TIF.MMS","all","2.27258324440469"
"66","2005-10-04 15:53:00","rejected","short","market","Exit2SHORT","TIF.MMS","all","2.26555489282838"
"67","2005-10-05 09:34:00","rejected","short","market","Exit2SHORT","TIF.MMS","all","2.65268684904522"
"68","2005-10-05 09:47:00","rejected","short","market","Exit2SHORT","TIF.MMS","all","2.06803581620785"
"69","2005-10-05 09:51:00","rejected","short","market","Exit2SHORT","TIF.MMS","all","2.11744148652312"
"70","2005-10-05 09:57:00","rejected","short","market","Exit2SHORT","TIF.MMS","all","1.88506416778416"
"71","2005-10-05 10:01:00","rejected","short","market","Exit2SHORT","TIF.MMS","all","1.95744148652312"
"72","2005-10-05 14:48:00","rejected","short","market","Exit2SHORT","TIF.MMS","all","1.55971520062153"
"73","2005-10-05 15:10:00","rejected","short","market","Exit2SHORT","TIF.MMS","all","1.7717053989568"
"74","2005-10-05 15:19:00","rejected","short","market","Exit2SHORT","TIF.MMS","all","1.99418632233628"
"75","2005-10-05 15:36:00","rejected","short","market","Exit2SHORT","TIF.MMS","all","1.92894095981417"
"76","2005-10-06 09:33:00","rejected","short","market","Exit2SHORT","TIF.MMS","all","2.19498786130207"
"77","2005-10-06 09:37:00","rejected","short","market","Exit2SHORT","TIF.MMS","all","2.34201621287839"
"78","2005-10-06 09:39:00","rejected","short","market","Exit2SHORT","TIF.MMS","all","2.29142188319365"
"79","2005-10-06 09:43:00","rejected","short","market","Exit2SHORT","TIF.MMS","all","2.36488425666154"
"80","2005-10-06 09:54:00","rejected","short","market","Exit2SHORT","TIF.MMS","all","2.54547858634628"
"81","2005-10-06 09:58:00","rejected","short","market","Exit2SHORT","TIF.MMS","all","2.35537498170575"
"82","2005-10-06 10:02:00","rejected","short","market","Exit2SHORT","TIF.MMS","all","2.65537498170576"
"83","2005-10-06 10:43:00","rejected","short","market","Exit2SHORT","TIF.MMS","all","1.92012961918365"
"84","2005-10-06 11:04:00","rejected","short","market","Exit2SHORT","TIF.MMS","all","2.42121467391259"
"85","2005-10-06 11:08:00","rejected","short","market","Exit2SHORT","TIF.MMS","all","2.03121467391259"
"86","2005-10-06 11:12:00","rejected","short","market","Exit2SHORT","TIF.MMS","all","1.91586570674996"
"87","2005-10-06 11:45:00","rejected","short","market","Exit2SHORT","TIF.MMS","all","2.24240333328207"
"88","2005-10-06 12:22:00","rejected","short","market","Exit2SHORT","TIF.MMS","all","2.13012961918365"
"89","2005-10-06 12:35:00","rejected","short","market","Exit2SHORT","TIF.MMS","all","2.39558219098681"
"90","2005-10-06 12:40:00","rejected","short","market","Exit2SHORT","TIF.MMS","all","2.18261054256313"
"91","2005-10-06 13:08:00","rejected","short","market","Exit2SHORT","TIF.MMS","all","2.0025069379226"
"92","2005-10-06 13:17:00","rejected","short","market","Exit2SHORT","TIF.MMS","all","2.02656364107523"
"93","2005-10-06 14:04:00","rejected","short","market","Exit2SHORT","TIF.MMS","all","2.16795950972575"
"94","2005-10-06 14:06:00","rejected","short","market","Exit2SHORT","TIF.MMS","all","2.15390280657313"
"95","2005-10-06 14:08:00","rejected","short","market","Exit2SHORT","TIF.MMS","all","2.15271414720365"
"96","2005-10-06 14:11:00","rejected","short","market","Exit2SHORT","TIF.MMS","all","2.17152548783418"
"97","2005-10-06 14:15:00","rejected","short","market","Exit2SHORT","TIF.MMS","all","2.10033682846471"
"98","2005-10-06 14:24:00","rejected","short","market","Exit2SHORT","TIF.MMS","all","2.10687445499682"
"99","2005-10-06 14:29:00","rejected","short","market","Exit2SHORT","TIF.MMS","all","2.13568579562734"
"100","2005-10-06 14:36:00","rejected","short","market","Exit2SHORT","TIF.MMS","all","2.31281775184419"
"101","2005-10-06 15:04:00","rejected","short","market","Exit2SHORT","TIF.MMS","all","1.88974249877997"
"102","2005-10-06 15:09:00","rejected","short","market","Exit2SHORT","TIF.MMS","all","1.86974249877997"
"103","2005-10-06 15:32:00","rejected","short","market","Exit2SHORT","TIF.MMS","all","2.01994970806103"
"104","2005-10-06 15:48:00","rejected","short","market","Exit2SHORT","TIF.MMS","all","2.13232702679998"
"105","2005-10-06 15:52:00","rejected","short","market","Exit2SHORT","TIF.MMS","all","1.85509146594261"
"106","2005-10-07 09:55:00","rejected","short","market","Exit2SHORT","TIF.MMS","all","2.59914816909523"
"107","2005-10-07 10:03:00","rejected","short","market","Exit2SHORT","TIF.MMS","all","2.41142188319365"
"108","2005-10-07 10:11:00","rejected","short","market","Exit2SHORT","TIF.MMS","all","2.45498786130207"
"109","2005-10-07 10:14:00","rejected","short","market","Exit2SHORT","TIF.MMS","all","2.48498786130207"
"110","2005-10-07 10:16:00","rejected","short","market","Exit2SHORT","TIF.MMS","all","2.43498786130208"
"111","2005-10-07 10:26:00","rejected","short","market","Exit2SHORT","TIF.MMS","all","2.12261054256312"
"112","2005-10-07 10:58:00","rejected","short","market","Exit2SHORT","TIF.MMS","all","1.86726157540049"
"113","2005-10-07 11:53:00","rejected","short","market","Exit2SHORT","TIF.MMS","all","1.68418632233627"
"114","2005-10-07 13:55:00","rejected","short","market","Exit2SHORT","TIF.MMS","all","1.78932808021786"
"115","2005-10-07 14:33:00","rejected","short","market","Exit2SHORT","TIF.MMS","all","1.61408271769574"
"116","2005-10-07 14:39:00","rejected","short","market","Exit2SHORT","TIF.MMS","all","1.41705436611943"
"117","2005-10-07 15:11:00","rejected","short","market","Exit2SHORT","TIF.MMS","all","2.11498786130208"
"118","2005-10-07 15:52:00","rejected","short","market","Exit2SHORT","TIF.MMS","all","1.50170539895679"
"119","2005-10-10 09:32:00","rejected","short","market","Exit2SHORT","TIF.MMS","all","2.3050914659426"
"120","2005-10-10 09:37:00","rejected","short","market","Exit2SHORT","TIF.MMS","all","1.64705436611943"
"121","2005-10-10 10:12:00","rejected","short","market","Exit2SHORT","TIF.MMS","all","2.33222342215944"
"122","2005-10-10 10:37:00","rejected","short","market","Exit2SHORT","TIF.MMS","all","1.77537498170575"
"123","2005-10-10 15:18:00","rejected","short","market","Exit2SHORT","TIF.MMS","all","1.56904456445471"
"124","2005-10-10 15:29:00","rejected","short","market","Exit2SHORT","TIF.MMS","all","1.47963889413944"
"125","2005-10-11 09:48:00","rejected","short","market","Exit2SHORT","TIF.MMS","all","1.58418632233627"
"126","2005-10-12 09:35:00","rejected","short","market","Exit2SHORT","TIF.MMS","all","1.55677085035628"
"127","2005-10-12 09:37:00","rejected","short","market","Exit2SHORT","TIF.MMS","all","1.43201621287839"
"128","2005-10-12 10:21:00","rejected","short","market","Exit2SHORT","TIF.MMS","all","1.50578940026787"
"129","2005-10-12 10:30:00","rejected","short","market","Exit2SHORT","TIF.MMS","all","1.9363837299526"
"130","2005-10-12 12:21:00","rejected","short","market","Exit2SHORT","TIF.MMS","all","1.35400641121365"
"131","2005-10-12 14:00:00","rejected","short","market","Exit2SHORT","TIF.MMS","all","2.34390280657313"
"132","2005-10-12 14:13:00","rejected","short","market","Exit2SHORT","TIF.MMS","all","1.58044043310523"
"133","2005-10-12 14:31:00","rejected","short","market","Exit2SHORT","TIF.MMS","all","1.92757238932208"
"134","2005-10-12 14:33:00","rejected","short","market","Exit2SHORT","TIF.MMS","all","2.67511876410104"
"135","2005-10-12 14:36:00","rejected","short","market","Exit2SHORT","TIF.MMS","all","2.3411383674305"
"136","2005-10-12 14:40:00","rejected","short","market","Exit2SHORT","TIF.MMS","all","1.93876104869155"
"137","2005-10-12 15:33:00","rejected","short","market","Exit2SHORT","TIF.MMS","all","1.66914816909523"
"138","2005-10-12 15:41:00","rejected","short","market","Exit2SHORT","TIF.MMS","all","2.2585538394105"
"139","2005-10-13 09:53:00","rejected","short","market","Exit2SHORT","TIF.MMS","all","1.81222342215945"
"140","2005-10-13 09:58:00","rejected","short","market","Exit2SHORT","TIF.MMS","all","1.96876104869155"
"141","2005-10-13 11:19:00","rejected","short","market","Exit2SHORT","TIF.MMS","all","1.60044043310523"
"142","2005-10-14 09:47:00","rejected","short","market","Exit2SHORT","TIF.MMS","all","1.32617652067155"
"143","2005-10-14 10:54:00","rejected","short","market","Exit2SHORT","TIF.MMS","all","1.68795950972575"
"144","2005-10-14 11:43:00","rejected","short","market","Exit2SHORT","TIF.MMS","all","1.83082755350891"
"145","2005-10-14 11:46:00","rejected","short","market","Exit2SHORT","TIF.MMS","all","1.87320487224786"
"146","2005-10-14 13:54:00","rejected","short","market","Exit2SHORT","TIF.MMS","all","1.22775230044471"
"147","2005-10-14 15:05:00","rejected","short","market","Exit2SHORT","TIF.MMS","all","1.43012961918365"
"148","2005-10-17 10:02:00","rejected","short","market","Exit2SHORT","TIF.MMS","all","2.45788320324367"
"149","2005-10-17 10:11:00","rejected","short","market","Exit2SHORT","TIF.MMS","all","1.65211981751891"
"150","2005-10-17 10:19:00","rejected","short","market","Exit2SHORT","TIF.MMS","all","1.67330847688839"
"151","2005-10-17 11:13:00","rejected","short","market","Exit2SHORT","TIF.MMS","all","1.97281775184418"
"152","2005-10-17 12:18:00","rejected","short","market","Exit2SHORT","TIF.MMS","all","2.11648733459313"
"153","2005-10-17 12:20:00","rejected","short","market","Exit2SHORT","TIF.MMS","all","2.09648733459314"
"154","2005-10-17 12:31:00","rejected","short","market","Exit2SHORT","TIF.MMS","all","2.19124197207103"
"155","2005-10-17 12:40:00","rejected","short","market","Exit2SHORT","TIF.MMS","all","2.25005331270156"
"156","2005-10-17 12:55:00","rejected","short","market","Exit2SHORT","TIF.MMS","all","2.10361929080997"
"157","2005-10-17 15:14:00","rejected","short","market","Exit2SHORT","TIF.MMS","all","1.96708166427787"
"158","2005-10-17 15:23:00","rejected","short","market","Exit2SHORT","TIF.MMS","all","1.91232702679998"
"159","2005-10-18 09:34:00","rejected","short","market","Exit2SHORT","TIF.MMS","all","1.62152548783418"
"160","2005-10-18 14:35:00","rejected","short","market","Exit2SHORT","TIF.MMS","all","1.80876104869155"
"161","2005-10-18 14:49:00","rejected","short","market","Exit2SHORT","TIF.MMS","all","1.96529867522366"
"162","2005-10-18 14:56:00","rejected","short","market","Exit2SHORT","TIF.MMS","all","2.06005331270156"
"163","2005-10-18 15:25:00","rejected","short","market","Exit2SHORT","TIF.MMS","all","1.83935537837629"
"164","2005-10-18 15:49:00","rejected","short","market","Exit2SHORT","TIF.MMS","all","1.63638372995261"
"165","2005-10-18 15:55:00","rejected","short","market","Exit2SHORT","TIF.MMS","all","1.77470434553893"
"166","2005-10-19 09:40:00","rejected","short","market","Exit2SHORT","TIF.MMS","all","1.57253423608103"
"167","2005-10-19 09:47:00","rejected","short","market","Exit2SHORT","TIF.MMS","all","1.42232702679998"
"168","2005-10-19 15:34:00","rejected","short","market","Exit2SHORT","TIF.MMS","all","1.76558219098681"
"169","2005-10-19 15:41:00","rejected","short","market","Exit2SHORT","TIF.MMS","all","1.74558219098681"
"170","2005-10-19 15:47:00","rejected","short","market","Exit2SHORT","TIF.MMS","all","2.04152548783419"
"171","2005-10-19 15:55:00","rejected","short","market","Exit2SHORT","TIF.MMS","all","2.11390280657312"
"172","2005-10-19 15:57:00","rejected","short","market","Exit2SHORT","TIF.MMS","all","2.03330847688839"
"173","2005-10-20 09:34:00","rejected","short","market","Exit2SHORT","TIF.MMS","all","2.3398461034205"
"174","2005-10-20 09:36:00","rejected","short","market","Exit2SHORT","TIF.MMS","all","2.29568579562734"
"175","2005-10-20 09:42:00","rejected","short","market","Exit2SHORT","TIF.MMS","all","2.23746878468155"
"176","2005-10-20 09:45:00","rejected","short","market","Exit2SHORT","TIF.MMS","all","2.11568579562734"
"177","2005-10-20 09:51:00","rejected","short","market","Exit2SHORT","TIF.MMS","all","2.0250914659426"
"178","2005-10-20 10:27:00","rejected","short","market","Exit2SHORT","TIF.MMS","all","2.17994970806102"
"179","2005-10-20 10:32:00","rejected","short","market","Exit2SHORT","TIF.MMS","all","2.32411001585419"
"180","2005-10-20 10:35:00","rejected","short","market","Exit2SHORT","TIF.MMS","all","2.06994970806102"
"181","2005-10-20 10:43:00","rejected","short","market","Exit2SHORT","TIF.MMS","all","2.05994970806103"
"182","2005-10-20 10:51:00","rejected","short","market","Exit2SHORT","TIF.MMS","all","2.6763837299526"
"183","2005-10-20 11:03:00","rejected","short","market","Exit2SHORT","TIF.MMS","all","1.95281775184418"
"184","2005-10-20 11:30:00","rejected","short","market","Exit2SHORT","TIF.MMS","all","2.04876104869155"
"185","2005-10-20 11:36:00","rejected","short","market","Exit2SHORT","TIF.MMS","all","1.99697805963734"
"186","2005-10-20 11:56:00","rejected","short","market","Exit2SHORT","TIF.MMS","all","1.97708166427787"
"187","2005-10-20 12:04:00","rejected","short","market","Exit2SHORT","TIF.MMS","all","2.11470434553893"
"188","2005-10-20 12:12:00","rejected","short","market","Exit2SHORT","TIF.MMS","all","2.48659093923367"
"189","2005-10-20 12:19:00","rejected","short","market","Exit2SHORT","TIF.MMS","all","2.14470434553893"
"190","2005-10-20 12:23:00","rejected","short","market","Exit2SHORT","TIF.MMS","all","2.06470434553893"
"191","2005-10-20 12:33:00","rejected","short","market","Exit2SHORT","TIF.MMS","all","2.03183630175576"
"192","2005-10-20 14:28:00","rejected","short","market","Exit2SHORT","TIF.MMS","all","2.59057133590419"
"193","2005-10-20 14:59:00","rejected","short","market","Exit2SHORT","TIF.MMS","all","2.13253423608104"
"194","2005-10-20 15:28:00","rejected","short","market","Exit2SHORT","TIF.MMS","all","2.60431722513524"
"195","2005-10-20 15:32:00","rejected","short","market","Exit2SHORT","TIF.MMS","all","1.63312856576577"
"196","2005-10-20 15:38:00","rejected","short","market","Exit2SHORT","TIF.MMS","all","1.68540227986419"
"197","2005-10-20 15:56:00","rejected","short","market","Exit2SHORT","TIF.MMS","all","1.88540227986419"
"198","2005-10-21 09:38:00","rejected","short","market","Exit2SHORT","TIF.MMS","all","1.93708166427787"
"199","2005-10-24 13:44:00","rejected","short","market","Exit2SHORT","TIF.MMS","all","1.52330847688839"
"200","2005-10-25 09:43:00","rejected","short","market","Exit2SHORT","TIF.MMS","all","1.58816671900682"
"201","2005-10-25 10:50:00","rejected","short","market","Exit2SHORT","TIF.MMS","all","1.28460074089839"
"202","2005-10-25 11:23:00","rejected","short","market","Exit2SHORT","TIF.MMS","all","1.75550588450472"
"203","2005-10-25 11:36:00","rejected","short","market","Exit2SHORT","TIF.MMS","all","1.22460074089839"
"204","2005-10-26 09:33:00","rejected","short","market","Exit2SHORT","TIF.MMS","all","1.13925177373576"
"205","2005-10-26 09:36:00","rejected","short","market","Exit2SHORT","TIF.MMS","all","0.589148169095232"
"206","2005-10-26 13:07:00","rejected","short","market","Exit2SHORT","TIF.MMS","all","1.45341208152892"
"207","2005-10-26 13:17:00","rejected","short","market","Exit2SHORT","TIF.MMS","all","1.68697805963734"
"208","2005-10-26 13:21:00","rejected","short","market","Exit2SHORT","TIF.MMS","all","1.73232702679998"
"209","2005-10-26 13:35:00","rejected","short","market","Exit2SHORT","TIF.MMS","all","2.26085485166735"
"210","2005-10-26 13:48:00","rejected","short","market","Exit2SHORT","TIF.MMS","all","2.29739247819946"
"211","2005-10-26 13:50:00","rejected","short","market","Exit2SHORT","TIF.MMS","all","2.25798680788419"
"212","2005-10-26 13:55:00","rejected","short","market","Exit2SHORT","TIF.MMS","all","2.25917546725367"
"213","2005-10-28 09:34:00","rejected","short","market","Exit2SHORT","TIF.MMS","all","2.19542957802263"
"214","2005-10-31 13:35:00","rejected","short","market","Exit2SHORT","TIF.MMS","all","2.17628012531208"
"215","2005-10-31 14:28:00","rejected","short","market","Exit2SHORT","TIF.MMS","all","1.32635643179417"
"216","2005-11-01 09:32:00","rejected","short","market","Exit2SHORT","TIF.MMS","all","1.05803581620786"
"217","2005-11-03 15:04:00","rejected","short","market","Exit2SHORT","TIF.MMS","all","1.39048944142889"
"218","2005-11-04 09:41:00","rejected","short","market","Exit2SHORT","TIF.MMS","all","1.62772500228627"
"219","2005-11-04 09:48:00","rejected","short","market","Exit2SHORT","TIF.MMS","all","1.67069665070995"
"220","2005-11-04 10:35:00","rejected","short","market","Exit2SHORT","TIF.MMS","all","1.97663994755732"
"221","2005-11-04 10:41:00","rejected","short","market","Exit2SHORT","TIF.MMS","all","1.98198891471995"
"222","2005-11-04 11:11:00","rejected","short","market","Exit2SHORT","TIF.MMS","all","2.20198891471995"
"223","2005-11-04 11:20:00","rejected","short","market","Exit2SHORT","TIF.MMS","all","2.23139458503521"
"224","2005-11-04 11:28:00","rejected","short","market","Exit2SHORT","TIF.MMS","all","2.35139458503521"
"225","2005-11-04 11:41:00","rejected","short","market","Exit2SHORT","TIF.MMS","all","2.49555489282837"
"226","2005-11-04 11:47:00","rejected","short","market","Exit2SHORT","TIF.MMS","all","2.45852654125206"
"227","2005-11-04 12:02:00","rejected","short","market","Exit2SHORT","TIF.MMS","all","2.50793221156732"
"228","2005-11-04 12:10:00","rejected","short","market","Exit2SHORT","TIF.MMS","all","2.43614922251311"
"229","2005-11-04 12:14:00","rejected","short","market","Exit2SHORT","TIF.MMS","all","2.48614922251311"
"230","2005-11-04 12:16:00","rejected","short","market","Exit2SHORT","TIF.MMS","all","2.48614922251311"
"231","2005-11-04 12:31:00","rejected","short","market","Exit2SHORT","TIF.MMS","all","2.55258324440469"
"232","2005-11-04 12:43:00","rejected","short","market","Exit2SHORT","TIF.MMS","all","2.50198891471995"
"233","2005-11-04 13:02:00","rejected","short","market","Exit2SHORT","TIF.MMS","all","2.53723427724206"
"234","2005-11-04 13:04:00","rejected","short","market","Exit2SHORT","TIF.MMS","all","2.47782860692679"
"235","2005-11-04 13:06:00","rejected","short","market","Exit2SHORT","TIF.MMS","all","2.48080025535048"
"236","2005-11-04 13:57:00","rejected","short","market","Exit2SHORT","TIF.MMS","all","2.53674355219785"
"237","2005-11-04 14:14:00","rejected","short","market","Exit2SHORT","TIF.MMS","all","2.66090385999101"
"238","2005-11-04 14:19:00","rejected","short","market","Exit2SHORT","TIF.MMS","all","2.65328117872996"
"239","2005-11-04 14:26:00","rejected","short","market","Exit2SHORT","TIF.MMS","all","2.67209251936048"
"240","2005-11-04 14:29:00","rejected","short","market","Exit2SHORT","TIF.MMS","all","2.67209251936048"
"241","2005-11-04 14:33:00","rejected","short","market","Exit2SHORT","TIF.MMS","all","2.60209251936048"
"242","2005-11-04 15:21:00","rejected","short","market","Exit2SHORT","TIF.MMS","all","2.66387550841469"
"243","2005-11-04 15:24:00","rejected","short","market","Exit2SHORT","TIF.MMS","all","2.67446983809943"
"244","2005-11-04 15:26:00","rejected","short","market","Exit2SHORT","TIF.MMS","all","2.68387550841469"
"245","2005-11-04 15:30:00","rejected","short","market","Exit2SHORT","TIF.MMS","all","2.68268684904522"
"246","2005-11-04 15:37:00","rejected","short","market","Exit2SHORT","TIF.MMS","all","2.65149818967575"
"247","2005-11-04 15:47:00","rejected","short","market","Exit2SHORT","TIF.MMS","all","2.67555489282837"
"248","2005-11-04 15:50:00","rejected","short","market","Exit2SHORT","TIF.MMS","all","2.55258324440469"
"249","2005-11-04 15:52:00","rejected","short","market","Exit2SHORT","TIF.MMS","all","2.569611595981"
"250","2005-11-07 09:32:00","rejected","short","market","Exit2SHORT","TIF.MMS","all","2.56139458503521"
"251","2005-11-07 09:39:00","rejected","short","market","Exit2SHORT","TIF.MMS","all","2.63782860692679"
"252","2005-11-07 09:41:00","rejected","short","market","Exit2SHORT","TIF.MMS","all","2.47782860692679"
"253","2005-11-08 09:35:00","rejected","short","market","Exit2SHORT","TIF.MMS","all","2.63020592566574"
"254","2005-11-08 09:40:00","rejected","short","market","Exit2SHORT","TIF.MMS","all","2.65496056314364"
"255","2005-11-08 09:44:00","rejected","short","market","Exit2SHORT","TIF.MMS","all","2.63733788188258"
"256","2005-11-08 09:50:00","rejected","short","market","Exit2SHORT","TIF.MMS","all","2.58852654125205"
"257","2005-11-08 10:00:00","rejected","short","market","Exit2SHORT","TIF.MMS","all","2.67030953030627"
"258","2005-11-08 11:18:00","rejected","short","market","Exit2SHORT","TIF.MMS","all","2.66090385999101"
"259","2005-11-08 11:26:00","rejected","short","market","Exit2SHORT","TIF.MMS","all","2.67793221156732"
"260","2005-11-08 11:32:00","rejected","short","market","Exit2SHORT","TIF.MMS","all","2.68090385999101"
"261","2005-11-08 11:43:00","rejected","short","market","Exit2SHORT","TIF.MMS","all","2.62733788188258"
"262","2005-11-08 11:47:00","rejected","short","market","Exit2SHORT","TIF.MMS","all","2.56020592566574"
"263","2005-11-08 13:37:00","rejected","short","market","Exit2SHORT","TIF.MMS","all","2.66733788188258"
"264","2005-11-08 13:41:00","rejected","short","market","Exit2SHORT","TIF.MMS","all","2.64555489282837"
"265","2005-11-08 13:45:00","rejected","short","market","Exit2SHORT","TIF.MMS","all","2.60496056314364"
"266","2005-11-08 13:50:00","rejected","short","market","Exit2SHORT","TIF.MMS","all","2.57377190377416"
"267","2005-11-08 13:55:00","rejected","short","market","Exit2SHORT","TIF.MMS","all","2.6791208709368"
"268","2005-11-08 14:00:00","rejected","short","market","Exit2SHORT","TIF.MMS","all","2.64733788188259"
"269","2005-11-08 14:13:00","rejected","short","market","Exit2SHORT","TIF.MMS","all","2.56258324440469"
"270","2005-11-08 14:21:00","rejected","short","market","Exit2SHORT","TIF.MMS","all","2.59258324440469"
"271","2005-11-08 14:42:00","rejected","short","market","Exit2SHORT","TIF.MMS","all","2.65971520062153"
"272","2005-11-08 14:49:00","rejected","short","market","Exit2SHORT","TIF.MMS","all","2.61555489282838"
"273","2005-11-08 14:53:00","rejected","short","market","Exit2SHORT","TIF.MMS","all","2.62614922251311"
"274","2005-11-08 14:56:00","rejected","short","market","Exit2SHORT","TIF.MMS","all","2.60614922251311"
"275","2005-11-08 15:01:00","rejected","short","market","Exit2SHORT","TIF.MMS","all","2.60496056314364"
"276","2005-11-08 15:10:00","rejected","short","market","Exit2SHORT","TIF.MMS","all","2.60614922251311"
"277","2005-11-08 15:18:00","rejected","short","market","Exit2SHORT","TIF.MMS","all","2.60614922251311"
"278","2005-11-08 15:41:00","rejected","short","market","Exit2SHORT","TIF.MMS","all","2.61674355219785"
"279","2005-11-08 15:46:00","rejected","short","market","Exit2SHORT","TIF.MMS","all","2.62971520062153"
"280","2005-11-08 15:58:00","rejected","short","market","Exit2SHORT","TIF.MMS","all","2.5791208709368"
"281","2005-11-09 12:21:00","rejected","short","market","Exit2SHORT","TIF.MMS","all","2.63524407890679"
"282","2005-11-09 12:24:00","rejected","short","market","Exit2SHORT","TIF.MMS","all","2.65870645237468"
"283","2005-11-09 12:26:00","rejected","short","market","Exit2SHORT","TIF.MMS","all","2.66811212268994"
"284","2005-11-09 12:42:00","rejected","short","market","Exit2SHORT","TIF.MMS","all","2.62157449615783"
"285","2005-11-09 12:44:00","rejected","short","market","Exit2SHORT","TIF.MMS","all","2.5162255289952"
"286","2005-11-09 12:53:00","rejected","short","market","Exit2SHORT","TIF.MMS","all","2.29136728687678"
"287","2005-11-09 12:59:00","rejected","short","market","Exit2SHORT","TIF.MMS","all","2.34731058372415"
"288","2005-11-09 13:17:00","rejected","short","market","Exit2SHORT","TIF.MMS","all","2.36196161656152"
"289","2005-11-09 13:37:00","rejected","short","market","Exit2SHORT","TIF.MMS","all","2.39433893530046"
"290","2005-11-09 14:15:00","rejected","short","market","Exit2SHORT","TIF.MMS","all","2.15374460561572"
"291","2005-11-09 14:46:00","rejected","short","market","Exit2SHORT","TIF.MMS","all","2.03066935255151"
"292","2005-11-09 14:56:00","rejected","short","market","Exit2SHORT","TIF.MMS","all","2.18196161656152"
"293","2005-11-09 15:24:00","rejected","short","market","Exit2SHORT","TIF.MMS","all","2.37790491340889"
"294","2005-11-09 15:36:00","rejected","short","market","Exit2SHORT","TIF.MMS","all","2.67681985867994"
"295","2005-11-10 09:55:00","rejected","short","market","Exit2SHORT","TIF.MMS","all","2.52692346332046"
"296","2005-11-10 10:00:00","rejected","short","market","Exit2SHORT","TIF.MMS","all","2.61989511174415"
"297","2005-11-10 10:02:00","rejected","short","market","Exit2SHORT","TIF.MMS","all","2.64048944142889"
"298","2005-11-10 10:07:00","rejected","short","market","Exit2SHORT","TIF.MMS","all","2.56632913363573"
"299","2005-11-10 10:09:00","rejected","short","market","Exit2SHORT","TIF.MMS","all","2.47632913363573"
"300","2005-11-10 12:58:00","rejected","short","market","Exit2SHORT","TIF.MMS","all","2.66989511174415"
"301","2005-11-10 13:02:00","rejected","short","market","Exit2SHORT","TIF.MMS","all","2.63632913363573"
"302","2005-11-10 13:06:00","rejected","short","market","Exit2SHORT","TIF.MMS","all","2.68276315552731"
"303","2005-11-10 13:24:00","rejected","short","market","Exit2SHORT","TIF.MMS","all","2.36325388057152"
"304","2005-11-10 13:55:00","rejected","short","market","Exit2SHORT","TIF.MMS","all","2.07304667129046"
"305","2005-11-10 14:02:00","rejected","short","market","Exit2SHORT","TIF.MMS","all","2.15581111043308"
"306","2005-11-10 14:33:00","rejected","short","market","Exit2SHORT","TIF.MMS","all","1.77867915421623"
"307","2005-11-10 15:03:00","rejected","short","market","Exit2SHORT","TIF.MMS","all","2.28829203381257"
"308","2005-11-10 15:14:00","rejected","short","market","Exit2SHORT","TIF.MMS","all","2.44661264939888"
"309","2005-11-10 15:24:00","rejected","short","market","Exit2SHORT","TIF.MMS","all","2.40720697908362"
"310","2005-11-10 15:53:00","rejected","short","market","Exit2SHORT","TIF.MMS","all","2.42423533065993"
"311","2005-11-11 09:35:00","rejected","short","market","Exit2SHORT","TIF.MMS","all","2.3036410009752"
"312","2005-11-11 09:46:00","rejected","short","market","Exit2SHORT","TIF.MMS","all","2.52087656183257"
"313","2005-11-11 09:50:00","rejected","short","market","Exit2SHORT","TIF.MMS","all","1.88997141822625"
"314","2005-11-11 10:13:00","rejected","short","market","Exit2SHORT","TIF.MMS","all","1.98472605570414"
"315","2005-11-11 10:24:00","rejected","short","market","Exit2SHORT","TIF.MMS","all","1.88532038538887"
"316","2005-11-11 11:06:00","rejected","short","market","Exit2SHORT","TIF.MMS","all","2.01948069318204"
"317","2005-11-11 11:42:00","rejected","short","market","Exit2SHORT","TIF.MMS","all","2.02007502286678"
"318","2005-11-11 12:10:00","rejected","short","market","Exit2SHORT","TIF.MMS","all","2.12196161656151"
"319","2005-11-11 12:42:00","rejected","short","market","Exit2SHORT","TIF.MMS","all","1.97245234160572"
"320","2005-11-11 13:34:00","rejected","short","market","Exit2SHORT","TIF.MMS","all","2.01661264939888"
"321","2005-11-11 15:39:00","rejected","short","market","Exit2SHORT","TIF.MMS","all","1.71294306664993"
"322","2005-11-14 09:44:00","rejected","short","market","Exit2SHORT","TIF.MMS","all","2.16661264939888"
"323","2005-11-14 09:46:00","rejected","short","market","Exit2SHORT","TIF.MMS","all","2.41661264939888"
"324","2005-11-14 09:51:00","rejected","short","market","Exit2SHORT","TIF.MMS","all","2.13829203381257"
"325","2005-11-14 10:15:00","rejected","short","market","Exit2SHORT","TIF.MMS","all","2.09769770412782"
"326","2005-11-14 11:33:00","rejected","short","market","Exit2SHORT","TIF.MMS","all","2.16126368223625"
"327","2005-11-14 12:07:00","rejected","short","market","Exit2SHORT","TIF.MMS","all","2.29898996813783"
"328","2005-11-14 12:22:00","rejected","short","market","Exit2SHORT","TIF.MMS","all","2.19542399002941"
"329","2005-11-14 12:32:00","rejected","short","market","Exit2SHORT","TIF.MMS","all","2.47482966034467"
"330","2005-11-14 12:41:00","rejected","short","market","Exit2SHORT","TIF.MMS","all","2.46423533065993"
"331","2005-11-14 13:01:00","rejected","short","market","Exit2SHORT","TIF.MMS","all","2.13601831971415"
"332","2005-11-14 13:05:00","rejected","short","market","Exit2SHORT","TIF.MMS","all","2.17898996813783"
"333","2005-11-14 13:38:00","rejected","short","market","Exit2SHORT","TIF.MMS","all","2.17136728687678"
"334","2005-11-14 13:42:00","rejected","short","market","Exit2SHORT","TIF.MMS","all","2.21255594624625"
"335","2005-11-14 13:47:00","rejected","short","market","Exit2SHORT","TIF.MMS","all","2.13780130876835"
"336","2005-11-14 15:35:00","rejected","short","market","Exit2SHORT","TIF.MMS","all","2.18077295719204"
"337","2005-11-14 15:55:00","rejected","short","market","Exit2SHORT","TIF.MMS","all","2.01542399002941"
"338","2005-11-14 15:58:00","rejected","short","market","Exit2SHORT","TIF.MMS","all","2.52542399002941"
"339","2005-11-15 09:47:00","rejected","short","market","Exit2SHORT","TIF.MMS","all","1.68265955088678"
"340","2005-11-15 10:32:00","rejected","short","market","Exit2SHORT","TIF.MMS","all","1.86167810079836"
"341","2005-11-15 11:14:00","rejected","short","market","Exit2SHORT","TIF.MMS","all","2.04444253994099"
"342","2005-11-15 11:24:00","rejected","short","market","Exit2SHORT","TIF.MMS","all","2.19909357277835"
"343","2005-11-15 13:08:00","rejected","short","market","Exit2SHORT","TIF.MMS","all","1.88423533065993"
"344","2005-11-15 13:44:00","rejected","short","market","Exit2SHORT","TIF.MMS","all","2.14968790246309"
"345","2005-11-15 13:58:00","rejected","short","market","Exit2SHORT","TIF.MMS","all","2.28692346332047"
"346","2005-11-15 14:16:00","rejected","short","market","Exit2SHORT","TIF.MMS","all","2.3622724304831"
"347","2005-11-15 14:46:00","rejected","short","market","Exit2SHORT","TIF.MMS","all","2.32583840859152"
"348","2005-11-15 14:55:00","rejected","short","market","Exit2SHORT","TIF.MMS","all","2.39643273827626"
"349","2005-11-15 15:04:00","rejected","short","market","Exit2SHORT","TIF.MMS","all","2.48247963976416"
"350","2005-11-15 15:23:00","rejected","short","market","Exit2SHORT","TIF.MMS","all","2.39356469449311"
"351","2005-11-16 09:38:00","rejected","short","market","Exit2SHORT","TIF.MMS","all","2.65772500228627"
"352","2005-11-16 09:54:00","rejected","short","market","Exit2SHORT","TIF.MMS","all","2.60475335386258"
"353","2005-11-16 10:00:00","rejected","short","market","Exit2SHORT","TIF.MMS","all","2.448319331971"
"354","2005-11-16 10:08:00","rejected","short","market","Exit2SHORT","TIF.MMS","all","2.29891366165574"
"355","2005-11-16 10:25:00","rejected","short","market","Exit2SHORT","TIF.MMS","all","2.34485695850311"
"356","2005-11-16 10:46:00","rejected","short","market","Exit2SHORT","TIF.MMS","all","2.51663994755732"
"357","2005-11-16 11:01:00","rejected","short","market","Exit2SHORT","TIF.MMS","all","2.67247963976416"
"358","2005-11-16 11:18:00","rejected","short","market","Exit2SHORT","TIF.MMS","all","2.58366829913363"
"359","2005-11-16 11:23:00","rejected","short","market","Exit2SHORT","TIF.MMS","all","2.52069665070994"
"360","2005-11-16 11:38:00","rejected","short","market","Exit2SHORT","TIF.MMS","all","2.53772500228627"
"361","2005-11-16 11:42:00","rejected","short","market","Exit2SHORT","TIF.MMS","all","2.66772500228627"
"362","2005-11-16 11:48:00","rejected","short","market","Exit2SHORT","TIF.MMS","all","2.63118737575416"
"363","2005-11-16 12:01:00","rejected","short","market","Exit2SHORT","TIF.MMS","all","2.58346108985258"
"364","2005-11-16 12:05:00","rejected","short","market","Exit2SHORT","TIF.MMS","all","2.63524407890679"
"365","2005-11-16 12:09:00","rejected","short","market","Exit2SHORT","TIF.MMS","all","2.64464974922205"
"366","2005-11-16 12:11:00","rejected","short","market","Exit2SHORT","TIF.MMS","all","2.63405541953731"
"367","2005-11-16 12:15:00","rejected","short","market","Exit2SHORT","TIF.MMS","all","2.54405541953731"
"368","2005-11-16 12:46:00","rejected","short","market","Exit2SHORT","TIF.MMS","all","2.41870645237468"
"369","2005-11-16 12:51:00","rejected","short","market","Exit2SHORT","TIF.MMS","all","2.46346108985257"
"370","2005-11-16 12:53:00","rejected","short","market","Exit2SHORT","TIF.MMS","all","2.39346108985257"
"371","2005-11-16 13:09:00","rejected","short","market","Exit2SHORT","TIF.MMS","all","2.54713067260153"
"372","2005-11-16 13:13:00","rejected","short","market","Exit2SHORT","TIF.MMS","all","2.54653634291679"
"373","2005-11-16 13:21:00","rejected","short","market","Exit2SHORT","TIF.MMS","all","2.55594201323206"
"374","2005-11-16 13:48:00","rejected","short","market","Exit2SHORT","TIF.MMS","all","2.33940438669995"
"375","2005-11-16 13:50:00","rejected","short","market","Exit2SHORT","TIF.MMS","all","2.40762139764574"
"376","2005-11-16 13:58:00","rejected","short","market","Exit2SHORT","TIF.MMS","all","2.58594201323206"
"377","2005-11-16 14:01:00","rejected","short","market","Exit2SHORT","TIF.MMS","all","2.50178170543889"
"378","2005-11-16 14:16:00","rejected","short","market","Exit2SHORT","TIF.MMS","all","2.678319331971"
"379","2005-11-16 14:29:00","rejected","short","market","Exit2SHORT","TIF.MMS","all","2.52643273827626"
"380","2005-11-16 14:42:00","rejected","short","market","Exit2SHORT","TIF.MMS","all","2.57297036480837"
"381","2005-11-16 15:09:00","rejected","short","market","Exit2SHORT","TIF.MMS","all","2.62297036480837"
"382","2005-11-17 09:59:00","rejected","short","market","Exit2SHORT","TIF.MMS","all","2.66216882584258"
"383","2005-11-17 10:02:00","rejected","short","market","Exit2SHORT","TIF.MMS","all","2.65216882584257"
"384","2005-11-17 10:07:00","rejected","short","market","Exit2SHORT","TIF.MMS","all","2.64919717741889"
"385","2005-11-17 10:10:00","rejected","short","market","Exit2SHORT","TIF.MMS","all","2.60384821025626"
"386","2005-11-17 10:12:00","rejected","short","market","Exit2SHORT","TIF.MMS","all","2.59325388057152"
"387","2005-11-17 10:19:00","rejected","short","market","Exit2SHORT","TIF.MMS","all","2.65849924309362"
"388","2005-11-17 10:22:00","rejected","short","market","Exit2SHORT","TIF.MMS","all","2.65028223214783"
"389","2005-11-17 11:18:00","rejected","short","market","Exit2SHORT","TIF.MMS","all","2.67741418836467"
"390","2005-11-17 11:24:00","rejected","short","market","Exit2SHORT","TIF.MMS","all","2.67741418836467"
"391","2005-11-17 11:28:00","rejected","short","market","Exit2SHORT","TIF.MMS","all","2.67681985867994"
"392","2005-11-17 11:42:00","rejected","short","market","Exit2SHORT","TIF.MMS","all","2.59384821025626"
"393","2005-11-17 11:46:00","rejected","short","market","Exit2SHORT","TIF.MMS","all","2.54444253994099"
"394","2005-11-17 12:58:00","rejected","short","market","Exit2SHORT","TIF.MMS","all","2.68038583678836"
"395","2005-11-17 13:43:00","rejected","short","market","Exit2SHORT","TIF.MMS","all","2.68454614458152"
"396","2005-11-17 13:49:00","rejected","short","market","Exit2SHORT","TIF.MMS","all","2.66514047426626"
"397","2005-11-17 13:52:00","rejected","short","market","Exit2SHORT","TIF.MMS","all","2.67573480395099"
"398","2005-11-17 14:13:00","rejected","short","market","Exit2SHORT","TIF.MMS","all","2.64216882584257"
"399","2005-11-17 14:23:00","rejected","short","market","Exit2SHORT","TIF.MMS","all","2.62860284773415"
"400","2005-11-17 14:45:00","rejected","short","market","Exit2SHORT","TIF.MMS","all","2.68276315552731"
"401","2005-11-17 15:15:00","rejected","short","market","Exit2SHORT","TIF.MMS","all","2.64384821025626"
"402","2005-11-17 15:17:00","rejected","short","market","Exit2SHORT","TIF.MMS","all","2.67563119931046"
"403","2005-11-21 10:59:00","rejected","short","market","Exit2SHORT","TIF.MMS","all","2.64958429782256"
"404","2005-11-22 09:32:00","rejected","short","market","Exit2SHORT","TIF.MMS","all","1.83413172601941"
"405","2005-11-22 10:41:00","rejected","short","market","Exit2SHORT","TIF.MMS","all","2.58423533065993"
"406","2005-11-22 10:47:00","rejected","short","market","Exit2SHORT","TIF.MMS","all","2.2336410009752"
"407","2005-11-22 10:53:00","rejected","short","market","Exit2SHORT","TIF.MMS","all","2.47601831971414"
"408","2005-11-22 10:56:00","rejected","short","market","Exit2SHORT","TIF.MMS","all","2.46136728687678"
"409","2005-11-22 10:59:00","rejected","short","market","Exit2SHORT","TIF.MMS","all","2.45898996813783"
"410","2005-11-22 11:07:00","rejected","short","market","Exit2SHORT","TIF.MMS","all","2.56612192435468"
"411","2005-11-22 11:09:00","rejected","short","market","Exit2SHORT","TIF.MMS","all","2.49315027593099"
"412","2005-11-22 11:16:00","rejected","short","market","Exit2SHORT","TIF.MMS","all","2.67958429782257"
"413","2005-11-22 11:21:00","rejected","short","market","Exit2SHORT","TIF.MMS","all","2.66839563845309"
"414","2005-11-22 11:44:00","rejected","short","market","Exit2SHORT","TIF.MMS","all","2.67839563845309"
"415","2005-11-22 11:55:00","rejected","short","market","Exit2SHORT","TIF.MMS","all","2.59720697908362"
"416","2005-11-22 11:59:00","rejected","short","market","Exit2SHORT","TIF.MMS","all","2.67780130876835"
"417","2005-11-22 12:13:00","rejected","short","market","Exit2SHORT","TIF.MMS","all","2.66601831971415"
"418","2005-11-22 12:18:00","rejected","short","market","Exit2SHORT","TIF.MMS","all","2.66542399002941"
"419","2005-11-22 12:21:00","rejected","short","market","Exit2SHORT","TIF.MMS","all","2.66542399002941"
"420","2005-11-22 12:25:00","rejected","short","market","Exit2SHORT","TIF.MMS","all","2.67958429782257"
"421","2005-11-22 12:32:00","rejected","short","market","Exit2SHORT","TIF.MMS","all","2.66780130876835"
"422","2005-11-22 12:34:00","rejected","short","market","Exit2SHORT","TIF.MMS","all","2.67720697908361"
"423","2005-11-22 12:36:00","rejected","short","market","Exit2SHORT","TIF.MMS","all","2.65661264939888"
"424","2005-11-22 12:39:00","rejected","short","market","Exit2SHORT","TIF.MMS","all","2.54720697908362"
"425","2005-11-22 13:31:00","rejected","short","market","Exit2SHORT","TIF.MMS","all","2.44958429782257"
"426","2005-11-22 13:47:00","rejected","short","market","Exit2SHORT","TIF.MMS","all","2.4101786275073"
"427","2005-11-22 14:04:00","rejected","short","market","Exit2SHORT","TIF.MMS","all","2.51839563845309"
"428","2005-11-22 14:06:00","rejected","short","market","Exit2SHORT","TIF.MMS","all","2.48542399002941"
"429","2005-11-22 14:16:00","rejected","short","market","Exit2SHORT","TIF.MMS","all","2.39720697908362"
"430","2005-11-22 14:41:00","rejected","short","market","Exit2SHORT","TIF.MMS","all","2.51196161656151"
"431","2005-11-22 14:56:00","rejected","short","market","Exit2SHORT","TIF.MMS","all","2.6701786275073"
"432","2005-11-22 14:58:00","rejected","short","market","Exit2SHORT","TIF.MMS","all","2.6801786275073"
"433","2005-11-22 15:00:00","rejected","short","market","Exit2SHORT","TIF.MMS","all","2.6701786275073"
"434","2005-11-22 15:13:00","rejected","short","market","Exit2SHORT","TIF.MMS","all","2.6801786275073"
"435","2005-11-22 15:16:00","rejected","short","market","Exit2SHORT","TIF.MMS","all","2.67958429782257"
"436","2005-11-23 11:02:00","rejected","short","market","Exit2SHORT","TIF.MMS","all","2.68028223214783"
"437","2005-11-23 11:06:00","rejected","short","market","Exit2SHORT","TIF.MMS","all","2.62731058372415"
"438","2005-11-23 11:10:00","rejected","short","market","Exit2SHORT","TIF.MMS","all","2.67849924309362"
"439","2005-11-23 11:19:00","rejected","short","market","Exit2SHORT","TIF.MMS","all","2.63433893530046"
"440","2005-11-23 11:24:00","rejected","short","market","Exit2SHORT","TIF.MMS","all","2.64612192435467"
"441","2005-11-23 11:41:00","rejected","short","market","Exit2SHORT","TIF.MMS","all","2.5701786275073"
"442","2005-11-23 11:46:00","rejected","short","market","Exit2SHORT","TIF.MMS","all","2.61433893530046"
"443","2005-11-23 11:52:00","rejected","short","market","Exit2SHORT","TIF.MMS","all","2.64136728687678"
"444","2005-11-23 12:01:00","rejected","short","market","Exit2SHORT","TIF.MMS","all","2.62374460561573"
"445","2005-11-30 09:32:00","rejected","short","market","Exit2SHORT","TIF.MMS","all","1.67901726629627"
"446","2005-11-30 09:42:00","rejected","short","market","Exit2SHORT","TIF.MMS","all","2.50713067260153"
"447","2005-11-30 09:49:00","rejected","short","market","Exit2SHORT","TIF.MMS","all","2.438319331971"
"448","2005-11-30 09:55:00","rejected","short","market","Exit2SHORT","TIF.MMS","all","2.29762139764574"
"449","2005-11-30 10:47:00","rejected","short","market","Exit2SHORT","TIF.MMS","all","2.34653634291679"
"450","2005-11-30 10:49:00","rejected","short","market","Exit2SHORT","TIF.MMS","all","2.32475335386258"
"451","2005-11-30 11:01:00","rejected","short","market","Exit2SHORT","TIF.MMS","all","2.33118737575416"
"452","2005-11-30 11:03:00","rejected","short","market","Exit2SHORT","TIF.MMS","all","2.21059304606942"
"453","2005-11-30 11:14:00","rejected","short","market","Exit2SHORT","TIF.MMS","all","2.22178170543889"
"454","2005-11-30 12:00:00","rejected","short","market","Exit2SHORT","TIF.MMS","all","2.34950799134047"
"455","2005-11-30 12:04:00","rejected","short","market","Exit2SHORT","TIF.MMS","all","2.15772500228627"
"456","2005-11-30 12:08:00","rejected","short","market","Exit2SHORT","TIF.MMS","all","2.14772500228626"
"457","2005-11-30 12:13:00","rejected","short","market","Exit2SHORT","TIF.MMS","all","2.23247963976416"
"458","2005-11-30 12:24:00","rejected","short","market","Exit2SHORT","TIF.MMS","all","2.17772500228627"
"459","2005-11-30 12:38:00","rejected","short","market","Exit2SHORT","TIF.MMS","all","2.18069665070995"
"460","2005-11-30 12:47:00","rejected","short","market","Exit2SHORT","TIF.MMS","all","2.32247963976416"
"461","2005-11-30 13:17:00","rejected","short","market","Exit2SHORT","TIF.MMS","all","2.19713067260152"
"462","2005-11-30 13:34:00","rejected","short","market","Exit2SHORT","TIF.MMS","all","2.35010232102521"
"463","2005-11-30 14:01:00","rejected","short","market","Exit2SHORT","TIF.MMS","all","2.47793221156732"
"464","2005-11-30 14:13:00","rejected","short","market","Exit2SHORT","TIF.MMS","all","2.14129098039468"
"465","2005-11-30 15:13:00","rejected","short","market","Exit2SHORT","TIF.MMS","all","2.23129098039468"
"466","2005-11-30 15:17:00","rejected","short","market","Exit2SHORT","TIF.MMS","all","2.27366829913363"
"467","2005-11-30 15:34:00","rejected","short","market","Exit2SHORT","TIF.MMS","all","2.27129098039468"
"468","2005-11-30 15:39:00","rejected","short","market","Exit2SHORT","TIF.MMS","all","2.28188531007942"
"469","2005-12-01 09:37:00","rejected","short","market","Exit2SHORT","TIF.MMS","all","1.67247963976416"
"470","2005-12-01 09:50:00","rejected","short","market","Exit2SHORT","TIF.MMS","all","1.89069665070995"
"471","2005-12-01 11:59:00","rejected","short","market","Exit2SHORT","TIF.MMS","all","1.7388100570152"
"472","2005-12-01 15:21:00","rejected","short","market","Exit2SHORT","TIF.MMS","all","1.87167810079836"
"473","2005-12-01 15:49:00","rejected","short","market","Exit2SHORT","TIF.MMS","all","2.00286676016784"
"474","2005-12-01 15:52:00","rejected","short","market","Exit2SHORT","TIF.MMS","all","1.96989511174415"
"475","2005-12-02 09:35:00","rejected","short","market","Exit2SHORT","TIF.MMS","all","2.3488100570152"
"476","2005-12-02 09:59:00","rejected","short","market","Exit2SHORT","TIF.MMS","all","2.41999871638468"
"477","2005-12-02 10:05:00","rejected","short","market","Exit2SHORT","TIF.MMS","all","2.49464974922205"
"478","2005-12-02 10:09:00","rejected","short","market","Exit2SHORT","TIF.MMS","all","2.54346108985258"
"479","2005-12-02 10:13:00","rejected","short","market","Exit2SHORT","TIF.MMS","all","2.50108377111363"
"480","2005-12-02 10:44:00","rejected","short","market","Exit2SHORT","TIF.MMS","all","2.67108377111363"
"481","2005-12-02 10:49:00","rejected","short","market","Exit2SHORT","TIF.MMS","all","2.60930078205941"
"482","2005-12-02 10:52:00","rejected","short","market","Exit2SHORT","TIF.MMS","all","2.63464974922205"
"483","2005-12-02 11:14:00","rejected","short","market","Exit2SHORT","TIF.MMS","all","2.46762139764574"
"484","2005-12-02 11:20:00","rejected","short","market","Exit2SHORT","TIF.MMS","all","2.667027067961"
"485","2005-12-02 11:22:00","rejected","short","market","Exit2SHORT","TIF.MMS","all","2.48643273827626"
"486","2005-12-02 11:44:00","rejected","short","market","Exit2SHORT","TIF.MMS","all","2.19811212268994"
"487","2005-12-02 12:04:00","rejected","short","market","Exit2SHORT","TIF.MMS","all","2.14395181489678"
"488","2005-12-02 12:39:00","rejected","short","market","Exit2SHORT","TIF.MMS","all","2.29346108985258"
"489","2005-12-02 12:52:00","rejected","short","market","Exit2SHORT","TIF.MMS","all","2.24940438669994"
"490","2005-12-02 12:59:00","rejected","short","market","Exit2SHORT","TIF.MMS","all","2.368319331971"
"491","2005-12-02 13:40:00","rejected","short","market","Exit2SHORT","TIF.MMS","all","2.30415902417784"
"492","2005-12-02 13:51:00","rejected","short","market","Exit2SHORT","TIF.MMS","all","2.17881005701521"
"493","2005-12-02 14:03:00","rejected","short","market","Exit2SHORT","TIF.MMS","all","2.17762139764574"
"494","2005-12-02 14:08:00","rejected","short","market","Exit2SHORT","TIF.MMS","all","2.15583840859153"
"495","2005-12-02 15:36:00","rejected","short","market","Exit2SHORT","TIF.MMS","all","2.10167810079836"
"496","2005-12-02 15:51:00","rejected","short","market","Exit2SHORT","TIF.MMS","all","2.16464974922204"
"497","2005-12-02 15:58:00","rejected","short","market","Exit2SHORT","TIF.MMS","all","2.24881005701521"
"498","2005-12-05 09:49:00","rejected","short","market","Exit2SHORT","TIF.MMS","all","2.18178170543889"
"499","2005-12-05 09:53:00","rejected","short","market","Exit2SHORT","TIF.MMS","all","1.99762139764574"
"500","2005-12-05 10:03:00","rejected","short","market","Exit2SHORT","TIF.MMS","all","2.1488100570152"
"501","2005-12-05 10:18:00","rejected","short","market","Exit2SHORT","TIF.MMS","all","2.05247963976416"
"502","2005-12-05 10:33:00","rejected","short","market","Exit2SHORT","TIF.MMS","all","2.279611595981"
"503","2005-12-05 10:36:00","rejected","short","market","Exit2SHORT","TIF.MMS","all","2.27901726629626"
"504","2005-12-05 10:38:00","rejected","short","market","Exit2SHORT","TIF.MMS","all","2.28139458503521"
"505","2005-12-05 10:43:00","rejected","short","market","Exit2SHORT","TIF.MMS","all","2.30663994755731"
"506","2005-12-05 10:54:00","rejected","short","market","Exit2SHORT","TIF.MMS","all","2.33317757408943"
"507","2005-12-05 10:57:00","rejected","short","market","Exit2SHORT","TIF.MMS","all","2.239611595981"
"508","2005-12-05 13:30:00","rejected","short","market","Exit2SHORT","TIF.MMS","all","1.80989511174415"
"509","2005-12-06 12:23:00","rejected","short","market","Exit2SHORT","TIF.MMS","all","2.35643273827626"
"510","2005-12-06 12:31:00","rejected","short","market","Exit2SHORT","TIF.MMS","all","2.37167810079836"
"511","2005-12-06 12:57:00","rejected","short","market","Exit2SHORT","TIF.MMS","all","2.29870645237468"
"512","2005-12-06 13:00:00","rejected","short","market","Exit2SHORT","TIF.MMS","all","2.35108377111363"
"513","2005-12-06 13:09:00","rejected","short","market","Exit2SHORT","TIF.MMS","all","2.37811212268994"
"514","2005-12-06 13:20:00","rejected","short","market","Exit2SHORT","TIF.MMS","all","2.62870645237468"
"515","2005-12-06 13:31:00","rejected","short","market","Exit2SHORT","TIF.MMS","all","2.47167810079836"
"516","2005-12-06 13:37:00","rejected","short","market","Exit2SHORT","TIF.MMS","all","2.42811212268994"
"517","2005-12-06 13:46:00","rejected","short","market","Exit2SHORT","TIF.MMS","all","2.49167810079836"
"518","2005-12-06 13:54:00","rejected","short","market","Exit2SHORT","TIF.MMS","all","2.4175177930052"
"519","2005-12-06 14:11:00","rejected","short","market","Exit2SHORT","TIF.MMS","all","2.58395181489678"
"520","2005-12-06 14:17:00","rejected","short","market","Exit2SHORT","TIF.MMS","all","2.52335748521205"
"521","2005-12-06 14:21:00","rejected","short","market","Exit2SHORT","TIF.MMS","all","2.56335748521204"
"522","2005-12-06 14:44:00","rejected","short","market","Exit2SHORT","TIF.MMS","all","2.60514047426626"
"523","2005-12-06 14:55:00","rejected","short","market","Exit2SHORT","TIF.MMS","all","2.57514047426626"
"524","2005-12-06 15:01:00","rejected","short","market","Exit2SHORT","TIF.MMS","all","2.59514047426626"
"525","2005-12-06 15:18:00","rejected","short","market","Exit2SHORT","TIF.MMS","all","2.62237603512363"
"526","2005-12-06 15:23:00","rejected","short","market","Exit2SHORT","TIF.MMS","all","2.64178170543889"
"527","2005-12-06 15:28:00","rejected","short","market","Exit2SHORT","TIF.MMS","all","2.60415902417784"
"528","2005-12-06 15:31:00","rejected","short","market","Exit2SHORT","TIF.MMS","all","2.58237603512363"
"529","2005-12-06 15:38:00","rejected","short","market","Exit2SHORT","TIF.MMS","all","2.56999871638468"
"530","2005-12-06 15:48:00","rejected","short","market","Exit2SHORT","TIF.MMS","all","2.66010232102521"
"531","2005-12-06 15:58:00","rejected","short","market","Exit2SHORT","TIF.MMS","all","2.63950799134047"
"532","2005-12-07 09:43:00","rejected","short","market","Exit2SHORT","TIF.MMS","all","2.21356469449311"
"533","2005-12-07 09:45:00","rejected","short","market","Exit2SHORT","TIF.MMS","all","2.20950799134047"
"534","2005-12-07 09:47:00","rejected","short","market","Exit2SHORT","TIF.MMS","all","2.27831933197101"
"535","2005-12-07 09:56:00","rejected","short","market","Exit2SHORT","TIF.MMS","all","2.26950799134047"
"536","2005-12-07 09:59:00","rejected","short","market","Exit2SHORT","TIF.MMS","all","2.26069665070995"
"537","2005-12-07 10:04:00","rejected","short","market","Exit2SHORT","TIF.MMS","all","2.11178170543889"
"538","2005-12-07 10:06:00","rejected","short","market","Exit2SHORT","TIF.MMS","all","2.11594201323205"
"539","2005-12-07 10:26:00","rejected","short","market","Exit2SHORT","TIF.MMS","all","1.90762139764574"
"540","2005-12-07 10:36:00","rejected","short","market","Exit2SHORT","TIF.MMS","all","2.20059304606941"
"541","2005-12-07 10:46:00","rejected","short","market","Exit2SHORT","TIF.MMS","all","2.23653634291679"
"542","2005-12-07 10:52:00","rejected","short","market","Exit2SHORT","TIF.MMS","all","2.12237603512363"
"543","2005-12-07 12:13:00","rejected","short","market","Exit2SHORT","TIF.MMS","all","2.01713067260152"
"544","2005-12-07 13:17:00","rejected","short","market","Exit2SHORT","TIF.MMS","all","1.91583840859153"
"545","2005-12-07 14:22:00","rejected","short","market","Exit2SHORT","TIF.MMS","all","1.99297036480836"
"546","2005-12-07 15:23:00","rejected","short","market","Exit2SHORT","TIF.MMS","all","1.88999871638468"
"547","2005-12-07 15:27:00","rejected","short","market","Exit2SHORT","TIF.MMS","all","1.89821572733047"
"548","2005-12-07 15:41:00","rejected","short","market","Exit2SHORT","TIF.MMS","all","2.54297036480837"
"549","2005-12-07 15:54:00","rejected","short","market","Exit2SHORT","TIF.MMS","all","2.10059304606942"
"550","2005-12-08 09:32:00","rejected","short","market","Exit2SHORT","TIF.MMS","all","2.08821572733046"
"551","2005-12-08 09:36:00","rejected","short","market","Exit2SHORT","TIF.MMS","all","2.14583840859152"
"552","2005-12-08 09:44:00","rejected","short","market","Exit2SHORT","TIF.MMS","all","2.18237603512363"
"553","2005-12-08 12:19:00","rejected","short","market","Exit2SHORT","TIF.MMS","all","1.8822724304831"
"554","2005-12-08 12:34:00","rejected","short","market","Exit2SHORT","TIF.MMS","all","1.89762139764574"
"555","2005-12-08 12:48:00","rejected","short","market","Exit2SHORT","TIF.MMS","all","2.04178170543889"
"556","2005-12-08 13:11:00","rejected","short","market","Exit2SHORT","TIF.MMS","all","1.91534768354731"
"557","2005-12-08 13:35:00","rejected","short","market","Exit2SHORT","TIF.MMS","all","1.94534768354731"
"558","2005-12-08 14:25:00","rejected","short","market","Exit2SHORT","TIF.MMS","all","2.32674355219785"
"559","2005-12-08 14:33:00","rejected","short","market","Exit2SHORT","TIF.MMS","all","2.29733788188258"
"560","2005-12-08 14:37:00","rejected","short","market","Exit2SHORT","TIF.MMS","all","2.43328117872996"
"561","2005-12-09 09:34:00","rejected","short","market","Exit2SHORT","TIF.MMS","all","2.01663994755732"
"562","2005-12-09 10:03:00","rejected","short","market","Exit2SHORT","TIF.MMS","all","1.56881005701521"
"563","2005-12-12 09:52:00","rejected","short","market","Exit2SHORT","TIF.MMS","all","1.79415902417784"
"564","2005-12-13 09:35:00","rejected","short","market","Exit2SHORT","TIF.MMS","all","1.32901726629627"
"565","2005-12-14 15:40:00","rejected","short","market","Exit2SHORT","TIF.MMS","all","1.66426262881838"
"566","2005-12-15 09:36:00","rejected","short","market","Exit2SHORT","TIF.MMS","all","1.748319331971"
"567","2005-12-16 09:35:00","rejected","short","market","Exit2SHORT","TIF.MMS","all","1.20415902417784"
"568","2005-12-16 09:39:00","rejected","short","market","Exit2SHORT","TIF.MMS","all","1.07297036480837"
"569","2005-12-16 09:41:00","rejected","short","market","Exit2SHORT","TIF.MMS","all","1.01356469449311"
"570","2005-12-16 09:45:00","rejected","short","market","Exit2SHORT","TIF.MMS","all","2.05940438669995"
"571","2005-12-16 13:11:00","rejected","short","market","Exit2SHORT","TIF.MMS","all","0.425838408591524"
"572","2005-05-11 10:19:00","canceled","short","stoplimit","EnterSHORT","RSG.ADS","-50","7.16497857553734"
"573","2005-05-11 10:19:00","closed","short","stoplimit","EnterSHORT","RSG.ADS","-50","7.41600027608728"
"574","2005-07-13 09:36:00","replaced","short","stoplimit","StopLossSHORT","RSG.ADS","all","10.9884697957491"
"575","2005-07-13 09:37:00","closed","short","market","Exit2SHORT","RSG.ADS","all","3.53461769174469"
"576","2005-10-25 10:28:00","closed","short","stoplimit","EnterSHORT","RSG.ADS","-50","7.1558323211252"
"577",NA,"open","short","stoplimit","StopLossSHORT","RSG.ADS","all","10.7159085589855"
"578","2005-04-01 09:33:00","closed","short","stoplimit","EnterSHORT","NFX.COG","-50","21.5339251520464"
"579","2005-05-26 09:32:00","replaced","short","stoplimit","StopLossSHORT","NFX.COG","all","32.1816377280696"
"580","2005-05-26 09:33:00","closed","short","market","Exit2SHORT","NFX.COG","all","-6.6457347031468"
"581","2005-06-09 11:58:00","closed","long","stoplimit","EnterLONG","NFX.COG","50","-8.88616705998568"
"582","2005-07-14 09:31:00","closed","long","stoplimit","StopLossLONG","NFX.COG","all","-13.3292505899785"
"583","2005-07-19 12:00:00","closed","long","stoplimit","EnterLONG","NFX.COG","50","-10.3828786120503"
"584","2005-08-02 12:15:00","closed","long","stoplimit","StopLossLONG","NFX.COG","all","-15.5743179180755"
"585","2005-08-04 11:23:00","closed","long","stoplimit","EnterLONG","NFX.COG","50","-15.4626758400991"
"586","2005-10-04 09:31:00","closed","long","stoplimit","StopLossLONG","NFX.COG","all","-23.1940137601486"
"587","2005-11-11 09:52:00","closed","long","stoplimit","EnterLONG","NFX.COG","50","-16.1930532320425"
"588",NA,"open","long","stoplimit","StopLossLONG","NFX.COG","all","-24.2895798480638"
"589","2005-02-25 11:37:00","closed","short","stoplimit","EnterSHORT","PKX.KEP","-50","5.59693587036546"
"590","2005-02-25 11:37:00","canceled","short","stoplimit","EnterSHORT","PKX.KEP","-50","5.70693587036546"
"591","2005-03-02 09:46:00","replaced","short","stoplimit","StopLossSHORT","PKX.KEP","all","8.12615380554819"
"592","2005-03-02 09:47:00","closed","short","market","Exit2SHORT","PKX.KEP","all","2.76981999803756"
"593","2005-03-04 10:45:00","closed","short","stoplimit","EnterSHORT","PKX.KEP","-50","5.59577326044195"
"594","2005-03-09 09:32:00","replaced","short","stoplimit","StopLossSHORT","PKX.KEP","all","8.37940989066292"
"595","2005-03-09 09:33:00","closed","short","market","Exit2SHORT","PKX.KEP","all","0.96243198372094"
"596","2005-04-28 10:02:00","closed","long","stoplimit","EnterLONG","PKX.KEP","50","-5.60689129280382"
"597","2005-06-08 12:27:00","closed","long","stoplimit","StopLossLONG","PKX.KEP","all","-8.25315096048443"
"598","2005-06-08 13:01:00","closed","long","stoplimit","EnterLONG","PKX.KEP","50","-8.03596431418063"
"599","2005-06-22 09:35:00","closed","long","stoplimit","StopLossLONG","PKX.KEP","all","-12.0539464712709"
"600","2005-06-22 10:42:00","closed","long","stoplimit","EnterLONG","PKX.KEP","50","-12.0405047115136"
"601","2005-12-19 13:41:00","closed","long","stoplimit","StopLossLONG","PKX.KEP","all","-18.0607570672704"
"602","2005-08-24 13:33:00","rejected","short","market","Exit2SHORT","PKX.KEP","all","-5.15547842773236"
"603","2005-09-01 09:41:00","rejected","short","market","Exit2SHORT","PKX.KEP","all","-2.79617754834427"
"604","2005-09-19 09:45:00","rejected","short","market","Exit2SHORT","PKX.KEP","all","-2.39931970445336"
"605","2005-09-20 09:41:00","rejected","short","market","Exit2SHORT","PKX.KEP","all","-2.22525056972108"
"606","2005-09-20 09:52:00","rejected","short","market","Exit2SHORT","PKX.KEP","all","-2.18525056972108"
"607","2005-09-20 10:10:00","rejected","short","market","Exit2SHORT","PKX.KEP","all","-1.98112252716371"
"608","2005-09-27 09:40:00","rejected","short","market","Exit2SHORT","PKX.KEP","all","-2.16170383212547"
"609","2005-09-29 09:52:00","rejected","short","market","Exit2SHORT","PKX.KEP","all","-2.74362447048596"
"610","2005-10-12 10:46:00","closed","short","stoplimit","EnterSHORT","NOK.DKS","-50","5.413130243822"
"611","2005-11-16 14:54:00","replaced","short","stoplimit","StopLossSHORT","NOK.DKS","all","8.02078622125951"
"612","2005-11-16 14:55:00","closed","short","market","Exit2SHORT","NOK.DKS","all","2.6757834962123"
